<?xml version="1.0" encoding="UTF-8" standalone="yes"?>
<addon id="plugin.video.keywizard" >
	   name="KeyWizard]" 
	   version="1.0.1" 
	   provider-name="keyven"> 
  <requires>
    <import addon="xbmc.python" version="2.1.0"/>
  </requires>
  <extension point="xbmc.python.pluginsource" library="default.py">
        <provides>executable</provides>
  </extension>
  <extension point="xbmc.addon.metadata">
    <summary>Wizard</summary>
    <description>Wizard de keyven con peliculas, series, tv, musica, peques...</description>
    <platform>all</platform>
  </extension>
</addon>
