<?xml version="1.1" encoding="UTF-8" standalone="yes"?>
<addon id="plugin.video.peketv"
	name="PekeTV"
	version="1.1.0"
	provider-name="keyven">
  <requires>
    <import addon="xbmc.python" version="2.1.0"/>
    <import addon="script.module.addon.common" version="2.0.0"/>
    <import addon="plugin.video.youtube" version="5.0.0"/>
  </requires>
  <extension point="xbmc.python.pluginsource" library="default.py">
    <provides>video</provides>
  </extension>
  <extension point="xbmc.addon.metadata">
    <summary lang="en">Dibujitos para niños</summary>
    <description lang="en">Dibujos infantiles en español para los peques de la casa</description>
    <platform>all</platform>
  </extension>
</addon>
