<?xml version="1.0" encoding="UTF-8" standalone="yes"?>
<addon id="repository.keyven" name="[COLOR lime]Repositorio Keyven[/COLOR] Repo" version="1.0.1" provider-name="keyven">
    <extension point="xbmc.addon.repository" name="Mi repositorio">
        <info>https://raw.githubusercontent.com/keyven-code/repo/master/addons.xml</info>
        <checksum>https://raw.githubusercontent.com/keyven-code/repo/master/addons.xml.md5</checksum>
        <datadir zip="true">https://raw.githubusercontent.com/keyven-code/repo</datadir>
    </extension>
    <extension point="xbmc.addon.metadata">
        <summary>Repositorio para Mi</summary>
        <description></description>
        <disclaimer></disclaimer>
        <platform>all</platform>
    </extension>
</addon>
